participant,condition,stimulus,item1,item2,item3,item4,item5,vt
0,1,1,4.0,3.0,4.0,5.0,5.0,4.2
1,1,2,4.0,4.0,4.0,2.0,3.0,3.4
2,1,3,5.0,4.0,5.0,3.0,5.0,4.4
3,1,4,5.0,5.0,3.0,4.0,4.0,4.2
4,1,5,4.0,5.0,3.0,5.0,4.0,4.2
5,1,6,4.0,3.0,5.0,6.0,2.0,4.0
6,1,7,5.0,3.0,4.0,4.0,2.0,3.6
7,1,8,5.0,3.0,5.0,3.0,4.0,4.0
8,1,9,4.0,4.0,5.0,4.0,4.0,4.2
9,1,10,4.0,4.0,4.0,5.0,3.0,4.0
10,1,11,4.0,5.0,5.0,4.0,3.0,4.2
11,1,12,4.0,4.0,3.0,3.0,4.0,3.6
12,1,13,4.0,4.0,5.0,5.0,4.0,4.4
13,1,14,2.0,4.0,4.0,5.0,4.0,3.8
14,1,15,3.0,3.0,4.0,3.0,5.0,3.6
15,1,16,4.0,6.0,3.0,4.0,3.0,4.0
16,1,17,3.0,3.0,3.0,5.0,4.0,3.6
17,1,18,4.0,4.0,4.0,5.0,5.0,4.4
18,1,19,3.0,6.0,2.0,4.0,4.0,3.8
19,1,20,3.0,4.0,4.0,4.0,4.0,3.8
20,1,21,5.0,4.0,5.0,5.0,6.0,5.0
21,1,22,4.0,4.0,4.0,3.0,3.0,3.6
22,1,23,4.0,4.0,6.0,4.0,5.0,4.6
23,1,24,3.0,5.0,5.0,3.0,5.0,4.2
24,1,25,4.0,2.0,3.0,5.0,4.0,3.6
25,1,26,4.0,5.0,4.0,4.0,5.0,4.4
26,1,27,3.0,3.0,4.0,5.0,3.0,3.6
27,1,28,4.0,4.0,3.0,4.0,3.0,3.6
28,1,29,4.0,4.0,3.0,3.0,4.0,3.6
29,1,30,4.0,4.0,4.0,5.0,5.0,4.4
30,1,1,4.0,3.0,2.0,5.0,5.0,3.8
31,1,2,5.0,4.0,4.0,5.0,5.0,4.6
32,1,3,4.0,6.0,4.0,3.0,4.0,4.2
33,1,4,3.0,3.0,3.0,4.0,5.0,3.6
34,1,5,5.0,4.0,4.0,4.0,4.0,4.2
35,1,6,3.0,3.0,5.0,3.0,5.0,3.8
36,1,7,4.0,4.0,4.0,5.0,4.0,4.2
37,1,8,2.0,4.0,4.0,4.0,4.0,3.6
38,1,9,3.0,3.0,4.0,2.0,4.0,3.2
39,1,10,4.0,4.0,5.0,4.0,3.0,4.0
40,1,11,5.0,5.0,4.0,4.0,3.0,4.2
41,1,12,4.0,4.0,3.0,4.0,4.0,3.8
42,1,13,4.0,5.0,4.0,4.0,3.0,4.0
43,1,14,4.0,3.0,5.0,5.0,5.0,4.4
44,1,15,3.0,3.0,4.0,5.0,5.0,4.0
45,1,16,3.0,4.0,6.0,4.0,4.0,4.2
46,1,17,4.0,5.0,4.0,4.0,3.0,4.0
47,1,18,5.0,4.0,4.0,4.0,5.0,4.4
48,1,19,4.0,4.0,3.0,4.0,6.0,4.2
49,1,20,3.0,4.0,4.0,3.0,4.0,3.6
50,1,21,4.0,3.0,3.0,4.0,4.0,3.6
51,1,22,4.0,4.0,4.0,4.0,4.0,4.0
52,1,23,3.0,5.0,3.0,5.0,4.0,4.0
53,1,24,4.0,4.0,4.0,5.0,4.0,4.2
54,1,25,5.0,4.0,5.0,3.0,4.0,4.2
55,1,26,5.0,4.0,5.0,5.0,5.0,4.8
56,1,27,3.0,4.0,2.0,3.0,6.0,3.6
57,1,28,4.0,4.0,6.0,5.0,3.0,4.4
58,1,29,4.0,6.0,4.0,4.0,4.0,4.4
59,1,30,5.0,4.0,3.0,3.0,3.0,3.6
60,1,1,4.0,4.0,4.0,4.0,5.0,4.2
61,1,2,4.0,3.0,4.0,2.0,4.0,3.4
62,1,3,3.0,5.0,3.0,3.0,3.0,3.4
63,1,4,3.0,4.0,4.0,4.0,5.0,4.0
64,1,5,5.0,3.0,4.0,4.0,5.0,4.2
65,1,6,5.0,5.0,4.0,4.0,5.0,4.6
66,1,7,4.0,5.0,3.0,3.0,4.0,3.8
67,1,8,5.0,4.0,3.0,3.0,4.0,3.8
68,1,9,4.0,3.0,4.0,4.0,5.0,4.0
69,1,10,3.0,5.0,4.0,4.0,3.0,3.8
70,1,11,4.0,3.0,4.0,4.0,4.0,3.8
71,1,12,5.0,5.0,5.0,5.0,4.0,4.8
72,1,13,4.0,2.0,4.0,4.0,3.0,3.4
73,1,14,5.0,5.0,4.0,3.0,4.0,4.2
74,1,15,2.0,3.0,5.0,4.0,5.0,3.8
75,1,16,5.0,5.0,3.0,3.0,4.0,4.0
76,1,17,4.0,4.0,3.0,4.0,5.0,4.0
77,1,18,4.0,3.0,3.0,5.0,4.0,3.8
78,1,19,4.0,4.0,5.0,5.0,4.0,4.4
79,1,20,2.0,5.0,5.0,5.0,3.0,4.0
80,1,21,4.0,4.0,4.0,4.0,4.0,4.0
81,1,22,4.0,4.0,5.0,5.0,4.0,4.4
82,1,23,5.0,6.0,3.0,4.0,4.0,4.4
83,1,24,4.0,3.0,4.0,5.0,4.0,4.0
84,1,25,3.0,5.0,4.0,4.0,4.0,4.0
85,1,26,4.0,4.0,5.0,5.0,4.0,4.4
86,1,27,5.0,3.0,4.0,5.0,7.0,4.8
87,1,28,4.0,3.0,4.0,4.0,5.0,4.0
88,1,29,4.0,4.0,4.0,4.0,4.0,4.0
89,1,30,4.0,5.0,5.0,5.0,4.0,4.6
90,1,1,4.0,4.0,3.0,4.0,4.0,3.8
91,1,2,5.0,5.0,4.0,3.0,4.0,4.2
92,1,3,3.0,3.0,3.0,6.0,4.0,3.8
93,1,4,4.0,4.0,2.0,4.0,2.0,3.2
94,1,5,4.0,3.0,4.0,4.0,3.0,3.6
95,1,6,3.0,4.0,4.0,5.0,3.0,3.8
96,1,7,4.0,5.0,4.0,4.0,4.0,4.2
97,1,8,4.0,4.0,2.0,3.0,4.0,3.4
98,1,9,4.0,2.0,4.0,4.0,5.0,3.8
99,1,10,4.0,4.0,2.0,3.0,3.0,3.2
100,1,11,3.0,4.0,5.0,4.0,3.0,3.8
101,1,12,4.0,4.0,3.0,4.0,5.0,4.0
102,1,13,4.0,5.0,5.0,4.0,4.0,4.4
103,1,14,3.0,3.0,5.0,3.0,5.0,3.8
104,1,15,4.0,5.0,3.0,5.0,6.0,4.6
105,1,16,4.0,5.0,3.0,4.0,3.0,3.8
106,1,17,6.0,3.0,4.0,5.0,4.0,4.4
107,1,18,4.0,4.0,3.0,4.0,4.0,3.8
108,1,19,4.0,4.0,4.0,3.0,2.0,3.4
109,1,20,4.0,4.0,4.0,4.0,4.0,4.0
110,1,21,2.0,4.0,3.0,4.0,5.0,3.6
111,1,22,4.0,4.0,2.0,3.0,4.0,3.4
112,1,23,4.0,3.0,4.0,5.0,4.0,4.0
113,1,24,6.0,4.0,4.0,4.0,4.0,4.4
114,1,25,4.0,3.0,4.0,3.0,3.0,3.4
115,1,26,4.0,3.0,5.0,5.0,5.0,4.4
116,1,27,4.0,5.0,5.0,4.0,4.0,4.4
117,1,28,3.0,3.0,4.0,4.0,4.0,3.6
118,1,29,5.0,5.0,4.0,3.0,4.0,4.2
119,1,30,5.0,4.0,4.0,5.0,5.0,4.6
120,1,1,5.0,3.0,3.0,3.0,5.0,3.8
121,1,2,3.0,3.0,4.0,4.0,3.0,3.4
122,1,3,5.0,5.0,4.0,5.0,3.0,4.4
123,1,4,3.0,3.0,5.0,4.0,4.0,3.8
124,1,5,4.0,4.0,2.0,4.0,4.0,3.6
125,1,6,6.0,4.0,3.0,3.0,4.0,4.0
126,1,7,3.0,5.0,3.0,3.0,5.0,3.8
127,1,8,4.0,4.0,4.0,4.0,4.0,4.0
128,1,9,4.0,4.0,4.0,3.0,4.0,3.8
129,1,10,4.0,5.0,5.0,4.0,5.0,4.6
130,1,11,3.0,5.0,4.0,5.0,4.0,4.2
131,1,12,4.0,5.0,4.0,5.0,5.0,4.6
132,1,13,3.0,4.0,5.0,3.0,3.0,3.6
133,1,14,4.0,3.0,4.0,6.0,5.0,4.4
134,1,15,3.0,3.0,5.0,5.0,5.0,4.2
135,1,16,5.0,4.0,4.0,4.0,3.0,4.0
136,1,17,3.0,4.0,3.0,5.0,4.0,3.8
137,1,18,4.0,5.0,3.0,6.0,5.0,4.6
138,1,19,5.0,5.0,3.0,3.0,5.0,4.2
139,1,20,3.0,3.0,5.0,4.0,4.0,3.8
140,1,21,4.0,5.0,5.0,2.0,3.0,3.8
141,1,22,5.0,3.0,5.0,4.0,5.0,4.4
142,1,23,3.0,4.0,5.0,4.0,5.0,4.2
143,1,24,4.0,4.0,5.0,4.0,3.0,4.0
144,1,25,4.0,6.0,4.0,3.0,3.0,4.0
145,1,26,5.0,6.0,3.0,2.0,4.0,4.0
146,1,27,3.0,4.0,5.0,4.0,5.0,4.2
147,1,28,3.0,4.0,4.0,5.0,4.0,4.0
148,1,29,4.0,4.0,4.0,4.0,5.0,4.2
149,1,30,4.0,5.0,4.0,4.0,3.0,4.0
150,1,1,4.0,4.0,4.0,3.0,2.0,3.4
151,1,2,4.0,5.0,5.0,4.0,4.0,4.4
152,1,3,3.0,4.0,5.0,4.0,4.0,4.0
153,1,4,4.0,4.0,4.0,3.0,4.0,3.8
154,1,5,4.0,5.0,5.0,3.0,3.0,4.0
155,1,6,3.0,4.0,4.0,4.0,3.0,3.6
156,1,7,5.0,5.0,4.0,4.0,4.0,4.4
157,1,8,4.0,4.0,5.0,3.0,5.0,4.2
158,1,9,3.0,4.0,3.0,4.0,5.0,3.8
159,1,10,5.0,3.0,5.0,4.0,5.0,4.4
160,1,11,3.0,4.0,3.0,3.0,3.0,3.2
161,1,12,5.0,5.0,4.0,5.0,3.0,4.4
162,1,13,5.0,4.0,3.0,3.0,4.0,3.8
163,1,14,3.0,5.0,4.0,3.0,5.0,4.0
164,1,15,5.0,4.0,4.0,3.0,4.0,4.0
165,1,16,4.0,5.0,3.0,5.0,2.0,3.8
166,1,17,5.0,3.0,4.0,4.0,3.0,3.8
167,1,18,6.0,4.0,4.0,3.0,4.0,4.2
168,1,19,4.0,5.0,5.0,5.0,4.0,4.6
169,1,20,3.0,5.0,4.0,4.0,5.0,4.2
170,1,21,3.0,4.0,4.0,4.0,4.0,3.8
171,1,22,3.0,4.0,3.0,4.0,4.0,3.6
172,1,23,4.0,3.0,4.0,3.0,4.0,3.6
173,1,24,4.0,4.0,4.0,4.0,5.0,4.2
174,1,25,4.0,5.0,5.0,4.0,4.0,4.4
175,1,26,5.0,4.0,5.0,5.0,4.0,4.6
176,1,27,4.0,4.0,3.0,3.0,4.0,3.6
177,1,28,5.0,4.0,5.0,5.0,4.0,4.6
178,1,29,4.0,4.0,2.0,4.0,4.0,3.6
179,1,30,6.0,3.0,3.0,4.0,4.0,4.0
180,1,1,5.0,5.0,3.0,5.0,4.0,4.4
181,1,2,3.0,4.0,3.0,3.0,5.0,3.6
182,1,3,3.0,4.0,3.0,5.0,4.0,3.8
183,1,4,4.0,4.0,4.0,2.0,3.0,3.4
184,1,5,4.0,2.0,4.0,3.0,5.0,3.6
185,1,6,5.0,5.0,4.0,3.0,3.0,4.0
186,1,7,4.0,4.0,5.0,3.0,3.0,3.8
187,1,8,4.0,3.0,4.0,4.0,4.0,3.8
188,1,9,3.0,5.0,5.0,4.0,4.0,4.2
189,1,10,3.0,4.0,4.0,5.0,3.0,3.8
190,1,11,4.0,5.0,3.0,4.0,4.0,4.0
191,1,12,5.0,4.0,5.0,3.0,4.0,4.2
192,1,13,4.0,5.0,4.0,4.0,4.0,4.2
193,1,14,3.0,3.0,3.0,4.0,5.0,3.6
194,1,15,4.0,5.0,4.0,5.0,5.0,4.6
195,1,16,4.0,4.0,3.0,5.0,4.0,4.0
196,1,17,3.0,4.0,4.0,4.0,4.0,3.8
197,1,18,4.0,4.0,4.0,3.0,3.0,3.6
198,1,19,4.0,3.0,4.0,3.0,5.0,3.8
199,1,20,3.0,4.0,3.0,4.0,4.0,3.6
200,1,21,4.0,3.0,4.0,4.0,3.0,3.6
201,1,22,4.0,3.0,5.0,4.0,5.0,4.2
202,1,23,5.0,3.0,4.0,5.0,4.0,4.2
203,1,24,5.0,5.0,6.0,4.0,4.0,4.8
204,1,25,3.0,3.0,5.0,4.0,4.0,3.8
205,1,26,3.0,5.0,5.0,4.0,3.0,4.0
206,1,27,4.0,4.0,3.0,4.0,4.0,3.8
207,1,28,4.0,3.0,5.0,3.0,4.0,3.8
208,1,29,4.0,3.0,4.0,3.0,4.0,3.6
209,1,30,7.0,5.0,4.0,3.0,5.0,4.8
210,1,1,4.0,4.0,4.0,4.0,5.0,4.2
211,1,2,5.0,4.0,5.0,3.0,3.0,4.0
212,1,3,5.0,4.0,4.0,4.0,3.0,4.0
213,1,4,5.0,4.0,3.0,4.0,2.0,3.6
214,1,5,4.0,5.0,5.0,4.0,4.0,4.4
215,1,6,5.0,5.0,3.0,3.0,3.0,3.8
216,1,7,3.0,4.0,4.0,5.0,4.0,4.0
217,1,8,4.0,3.0,4.0,5.0,4.0,4.0
218,1,9,4.0,4.0,4.0,3.0,3.0,3.6
219,1,10,4.0,4.0,5.0,3.0,3.0,3.8
220,1,11,6.0,3.0,3.0,5.0,4.0,4.2
221,1,12,3.0,3.0,6.0,4.0,4.0,4.0
222,1,13,5.0,4.0,3.0,2.0,4.0,3.6
223,1,14,3.0,4.0,4.0,3.0,3.0,3.4
224,1,15,4.0,4.0,4.0,4.0,4.0,4.0
225,1,16,5.0,3.0,4.0,3.0,5.0,4.0
226,1,17,4.0,4.0,4.0,4.0,4.0,4.0
227,1,18,3.0,3.0,4.0,4.0,3.0,3.4
228,1,19,3.0,5.0,4.0,5.0,4.0,4.2
229,1,20,5.0,5.0,4.0,4.0,3.0,4.2
230,1,21,3.0,3.0,5.0,5.0,5.0,4.2
231,1,22,4.0,3.0,5.0,5.0,4.0,4.2
232,1,23,4.0,3.0,5.0,5.0,3.0,4.0
233,1,24,3.0,3.0,3.0,4.0,4.0,3.4
234,1,25,6.0,4.0,4.0,2.0,4.0,4.0
235,1,26,5.0,3.0,4.0,4.0,4.0,4.0
236,1,27,2.0,3.0,3.0,5.0,4.0,3.4
237,1,28,4.0,3.0,4.0,4.0,3.0,3.6
238,1,29,3.0,4.0,4.0,5.0,4.0,4.0
239,1,30,5.0,4.0,5.0,5.0,3.0,4.4
240,2,1,4.0,3.0,3.0,5.0,2.0,3.4
241,2,2,5.0,3.0,4.0,6.0,5.0,4.6
242,2,3,4.0,4.0,5.0,4.0,4.0,4.2
243,2,4,4.0,3.0,4.0,4.0,3.0,3.6
244,2,5,4.0,4.0,5.0,2.0,4.0,3.8
245,2,6,5.0,4.0,4.0,5.0,5.0,4.6
246,2,7,3.0,2.0,3.0,4.0,1.0,2.6
247,2,8,5.0,5.0,5.0,3.0,4.0,4.4
248,2,9,4.0,4.0,3.0,5.0,3.0,3.8
249,2,10,3.0,3.0,4.0,3.0,4.0,3.4
250,2,11,4.0,4.0,5.0,3.0,4.0,4.0
251,2,12,3.0,4.0,4.0,4.0,4.0,3.8
252,2,13,4.0,2.0,2.0,3.0,3.0,2.8
253,2,14,3.0,5.0,3.0,4.0,2.0,3.4
254,2,15,3.0,4.0,5.0,3.0,3.0,3.6
255,2,16,2.0,4.0,4.0,3.0,4.0,3.4
256,2,17,3.0,4.0,4.0,3.0,4.0,3.6
257,2,18,2.0,3.0,4.0,4.0,3.0,3.2
258,2,19,2.0,4.0,4.0,3.0,5.0,3.6
259,2,20,4.0,3.0,4.0,3.0,3.0,3.4
260,2,21,4.0,4.0,4.0,3.0,4.0,3.8
261,2,22,4.0,2.0,3.0,4.0,3.0,3.2
262,2,23,3.0,4.0,4.0,3.0,4.0,3.6
263,2,24,4.0,3.0,4.0,3.0,4.0,3.6
264,2,25,4.0,4.0,3.0,5.0,3.0,3.8
265,2,26,3.0,4.0,5.0,3.0,3.0,3.6
266,2,27,5.0,3.0,4.0,3.0,4.0,3.8
267,2,28,4.0,3.0,3.0,3.0,6.0,3.8
268,2,29,4.0,4.0,3.0,3.0,3.0,3.4
269,2,30,4.0,3.0,3.0,4.0,5.0,3.8
270,2,1,4.0,4.0,3.0,4.0,5.0,4.0
271,2,2,2.0,3.0,5.0,3.0,4.0,3.4
272,2,3,3.0,1.0,3.0,3.0,3.0,2.6
273,2,4,3.0,3.0,4.0,5.0,3.0,3.6
274,2,5,3.0,3.0,3.0,4.0,4.0,3.4
275,2,6,3.0,2.0,3.0,5.0,3.0,3.2
276,2,7,5.0,3.0,2.0,2.0,4.0,3.2
277,2,8,4.0,4.0,4.0,4.0,5.0,4.2
278,2,9,3.0,5.0,4.0,5.0,3.0,4.0
279,2,10,4.0,4.0,4.0,3.0,3.0,3.6
280,2,11,5.0,3.0,4.0,3.0,2.0,3.4
281,2,12,4.0,4.0,3.0,4.0,4.0,3.8
282,2,13,4.0,3.0,5.0,3.0,4.0,3.8
283,2,14,3.0,3.0,4.0,3.0,4.0,3.4
284,2,15,4.0,3.0,4.0,3.0,4.0,3.6
285,2,16,4.0,2.0,4.0,3.0,3.0,3.2
286,2,17,4.0,3.0,3.0,5.0,4.0,3.8
287,2,18,4.0,4.0,4.0,4.0,4.0,4.0
288,2,19,5.0,4.0,4.0,4.0,4.0,4.2
289,2,20,3.0,3.0,2.0,4.0,4.0,3.2
290,2,21,5.0,3.0,3.0,3.0,5.0,3.8
291,2,22,4.0,4.0,3.0,3.0,4.0,3.6
292,2,23,5.0,3.0,4.0,3.0,4.0,3.8
293,2,24,3.0,4.0,5.0,4.0,5.0,4.2
294,2,25,5.0,3.0,3.0,3.0,4.0,3.6
295,2,26,4.0,3.0,3.0,3.0,5.0,3.6
296,2,27,3.0,3.0,3.0,3.0,4.0,3.2
297,2,28,3.0,3.0,3.0,5.0,2.0,3.2
298,2,29,3.0,4.0,3.0,1.0,5.0,3.2
299,2,30,4.0,4.0,4.0,4.0,4.0,4.0
300,2,1,4.0,4.0,3.0,5.0,4.0,4.0
301,2,2,3.0,4.0,4.0,4.0,4.0,3.8
302,2,3,4.0,3.0,2.0,4.0,3.0,3.2
303,2,4,5.0,3.0,3.0,4.0,4.0,3.8
304,2,5,5.0,3.0,3.0,3.0,3.0,3.4
305,2,6,4.0,5.0,5.0,2.0,5.0,4.2
306,2,7,4.0,3.0,3.0,4.0,4.0,3.6
307,2,8,4.0,4.0,2.0,3.0,3.0,3.2
308,2,9,4.0,4.0,2.0,3.0,3.0,3.2
309,2,10,3.0,5.0,4.0,3.0,4.0,3.8
310,2,11,3.0,3.0,4.0,5.0,4.0,3.8
311,2,12,2.0,4.0,4.0,6.0,4.0,4.0
312,2,13,4.0,6.0,4.0,4.0,3.0,4.2
313,2,14,4.0,3.0,5.0,3.0,2.0,3.4
314,2,15,3.0,2.0,3.0,3.0,4.0,3.0
315,2,16,5.0,2.0,4.0,4.0,5.0,4.0
316,2,17,3.0,4.0,2.0,5.0,3.0,3.4
317,2,18,3.0,2.0,3.0,3.0,5.0,3.2
318,2,19,4.0,3.0,2.0,2.0,4.0,3.0
319,2,20,5.0,4.0,3.0,4.0,4.0,4.0
320,2,21,5.0,4.0,4.0,4.0,3.0,4.0
321,2,22,3.0,4.0,4.0,2.0,3.0,3.2
322,2,23,5.0,4.0,4.0,4.0,4.0,4.2
323,2,24,4.0,5.0,3.0,4.0,3.0,3.8
324,2,25,4.0,3.0,4.0,4.0,3.0,3.6
325,2,26,4.0,3.0,2.0,3.0,4.0,3.2
326,2,27,4.0,3.0,5.0,4.0,2.0,3.6
327,2,28,2.0,4.0,3.0,3.0,2.0,2.8
328,2,29,5.0,4.0,3.0,2.0,4.0,3.6
329,2,30,5.0,4.0,5.0,2.0,4.0,4.0
330,2,1,3.0,5.0,3.0,5.0,4.0,4.0
331,2,2,4.0,3.0,3.0,4.0,3.0,3.4
332,2,3,4.0,5.0,3.0,4.0,6.0,4.4
333,2,4,4.0,5.0,4.0,3.0,3.0,3.8
334,2,5,3.0,4.0,4.0,3.0,3.0,3.4
335,2,6,3.0,5.0,4.0,3.0,3.0,3.6
336,2,7,4.0,2.0,6.0,3.0,4.0,3.8
337,2,8,5.0,3.0,2.0,2.0,4.0,3.2
338,2,9,4.0,3.0,4.0,3.0,5.0,3.8
339,2,10,3.0,4.0,3.0,3.0,2.0,3.0
340,2,11,4.0,3.0,3.0,4.0,3.0,3.4
341,2,12,1.0,4.0,3.0,4.0,4.0,3.2
342,2,13,5.0,5.0,3.0,4.0,4.0,4.2
343,2,14,2.0,4.0,5.0,5.0,4.0,4.0
344,2,15,3.0,4.0,4.0,5.0,4.0,4.0
345,2,16,3.0,3.0,4.0,4.0,3.0,3.4
346,2,17,3.0,3.0,5.0,4.0,5.0,4.0
347,2,18,5.0,5.0,2.0,3.0,4.0,3.8
348,2,19,3.0,4.0,3.0,4.0,3.0,3.4
349,2,20,4.0,4.0,2.0,5.0,3.0,3.6
350,2,21,4.0,3.0,3.0,4.0,3.0,3.4
351,2,22,4.0,2.0,4.0,5.0,4.0,3.8
352,2,23,4.0,3.0,4.0,2.0,3.0,3.2
353,2,24,3.0,5.0,4.0,3.0,3.0,3.6
354,2,25,4.0,3.0,3.0,4.0,4.0,3.6
355,2,26,3.0,4.0,4.0,4.0,4.0,3.8
356,2,27,2.0,4.0,4.0,5.0,4.0,3.8
357,2,28,3.0,3.0,4.0,4.0,3.0,3.4
358,2,29,5.0,4.0,2.0,3.0,4.0,3.6
359,2,30,4.0,4.0,4.0,4.0,3.0,3.8
360,2,1,3.0,4.0,3.0,2.0,3.0,3.0
361,2,2,3.0,6.0,3.0,3.0,4.0,3.8
362,2,3,3.0,2.0,4.0,4.0,4.0,3.4
363,2,4,5.0,5.0,4.0,4.0,4.0,4.4
364,2,5,4.0,4.0,3.0,4.0,3.0,3.6
365,2,6,4.0,4.0,4.0,2.0,3.0,3.4
366,2,7,5.0,4.0,2.0,3.0,4.0,3.6
367,2,8,4.0,3.0,5.0,3.0,3.0,3.6
368,2,9,3.0,4.0,4.0,5.0,3.0,3.8
369,2,10,4.0,2.0,5.0,3.0,4.0,3.6
370,2,11,4.0,4.0,3.0,3.0,3.0,3.4
371,2,12,4.0,4.0,3.0,4.0,5.0,4.0
372,2,13,4.0,4.0,3.0,3.0,5.0,3.8
373,2,14,4.0,5.0,4.0,5.0,3.0,4.2
374,2,15,4.0,4.0,3.0,3.0,5.0,3.8
375,2,16,4.0,4.0,4.0,3.0,4.0,3.8
376,2,17,4.0,3.0,3.0,2.0,4.0,3.2
377,2,18,2.0,3.0,2.0,4.0,3.0,2.8
378,2,19,4.0,5.0,3.0,3.0,4.0,3.8
379,2,20,4.0,5.0,3.0,3.0,4.0,3.8
380,2,21,4.0,3.0,4.0,5.0,3.0,3.8
381,2,22,1.0,4.0,3.0,4.0,3.0,3.0
382,2,23,5.0,3.0,4.0,4.0,3.0,3.8
383,2,24,4.0,5.0,4.0,5.0,4.0,4.4
384,2,25,5.0,4.0,4.0,4.0,4.0,4.2
385,2,26,3.0,5.0,4.0,3.0,4.0,3.8
386,2,27,4.0,3.0,4.0,3.0,4.0,3.6
387,2,28,3.0,3.0,4.0,4.0,3.0,3.4
388,2,29,3.0,4.0,3.0,4.0,3.0,3.4
389,2,30,5.0,4.0,2.0,4.0,5.0,4.0
390,2,1,4.0,4.0,3.0,3.0,3.0,3.4
391,2,2,4.0,3.0,3.0,4.0,4.0,3.6
392,2,3,4.0,4.0,4.0,3.0,3.0,3.6
393,2,4,4.0,4.0,3.0,4.0,4.0,3.8
394,2,5,4.0,3.0,4.0,5.0,3.0,3.8
395,2,6,4.0,5.0,3.0,3.0,5.0,4.0
396,2,7,6.0,5.0,4.0,2.0,4.0,4.2
397,2,8,4.0,4.0,5.0,3.0,3.0,3.8
398,2,9,4.0,4.0,4.0,4.0,4.0,4.0
399,2,10,5.0,4.0,4.0,4.0,3.0,4.0
400,2,11,5.0,3.0,3.0,4.0,3.0,3.6
401,2,12,5.0,4.0,3.0,3.0,3.0,3.6
402,2,13,4.0,2.0,3.0,4.0,4.0,3.4
403,2,14,3.0,4.0,3.0,3.0,4.0,3.4
404,2,15,5.0,2.0,4.0,4.0,4.0,3.8
405,2,16,3.0,5.0,4.0,3.0,3.0,3.6
406,2,17,4.0,3.0,3.0,3.0,4.0,3.4
407,2,18,3.0,4.0,5.0,3.0,4.0,3.8
408,2,19,4.0,3.0,4.0,3.0,4.0,3.6
409,2,20,4.0,3.0,3.0,4.0,2.0,3.2
410,2,21,4.0,5.0,3.0,4.0,1.0,3.4
411,2,22,4.0,2.0,4.0,1.0,4.0,3.0
412,2,23,5.0,5.0,5.0,3.0,3.0,4.2
413,2,24,4.0,4.0,3.0,3.0,4.0,3.6
414,2,25,3.0,3.0,4.0,5.0,3.0,3.6
415,2,26,4.0,3.0,5.0,3.0,5.0,4.0
416,2,27,5.0,5.0,3.0,4.0,4.0,4.2
417,2,28,3.0,3.0,3.0,5.0,4.0,3.6
418,2,29,4.0,3.0,3.0,3.0,4.0,3.4
419,2,30,4.0,5.0,4.0,4.0,4.0,4.2
420,2,1,3.0,4.0,4.0,3.0,3.0,3.4
421,2,2,5.0,3.0,4.0,3.0,5.0,4.0
422,2,3,4.0,4.0,5.0,3.0,3.0,3.8
423,2,4,4.0,3.0,3.0,3.0,4.0,3.4
424,2,5,4.0,5.0,2.0,6.0,2.0,3.8
425,2,6,4.0,5.0,4.0,4.0,4.0,4.2
426,2,7,3.0,4.0,4.0,5.0,4.0,4.0
427,2,8,3.0,4.0,4.0,4.0,5.0,4.0
428,2,9,5.0,5.0,3.0,2.0,2.0,3.4
429,2,10,3.0,4.0,4.0,4.0,3.0,3.6
430,2,11,3.0,3.0,5.0,5.0,4.0,4.0
431,2,12,2.0,4.0,4.0,3.0,4.0,3.4
432,2,13,3.0,5.0,3.0,4.0,4.0,3.8
433,2,14,3.0,3.0,3.0,4.0,3.0,3.2
434,2,15,5.0,3.0,4.0,5.0,3.0,4.0
435,2,16,4.0,4.0,5.0,3.0,5.0,4.2
436,2,17,3.0,4.0,4.0,3.0,4.0,3.6
437,2,18,5.0,3.0,4.0,3.0,4.0,3.8
438,2,19,4.0,5.0,3.0,5.0,4.0,4.2
439,2,20,3.0,6.0,5.0,2.0,3.0,3.8
440,2,21,2.0,4.0,5.0,2.0,4.0,3.4
441,2,22,6.0,3.0,4.0,4.0,4.0,4.2
442,2,23,3.0,2.0,4.0,3.0,6.0,3.6
443,2,24,2.0,4.0,4.0,4.0,3.0,3.4
444,2,25,4.0,5.0,2.0,4.0,4.0,3.8
445,2,26,6.0,4.0,4.0,3.0,3.0,4.0
446,2,27,5.0,4.0,4.0,2.0,4.0,3.8
447,2,28,4.0,3.0,4.0,5.0,4.0,4.0
448,2,29,4.0,3.0,3.0,3.0,2.0,3.0
449,2,30,4.0,4.0,3.0,3.0,4.0,3.6
450,2,1,4.0,4.0,3.0,5.0,3.0,3.8
451,2,2,4.0,2.0,4.0,3.0,3.0,3.2
452,2,3,4.0,5.0,3.0,4.0,4.0,4.0
453,2,4,4.0,4.0,5.0,4.0,5.0,4.4
454,2,5,3.0,5.0,4.0,5.0,4.0,4.2
455,2,6,3.0,3.0,3.0,3.0,4.0,3.2
456,2,7,2.0,3.0,4.0,5.0,4.0,3.6
457,2,8,4.0,4.0,3.0,2.0,4.0,3.4
458,2,9,3.0,4.0,2.0,4.0,3.0,3.2
459,2,10,3.0,5.0,5.0,3.0,5.0,4.2
460,2,11,4.0,4.0,4.0,5.0,4.0,4.2
461,2,12,5.0,3.0,4.0,4.0,4.0,4.0
462,2,13,4.0,3.0,4.0,3.0,3.0,3.4
463,2,14,2.0,5.0,3.0,4.0,3.0,3.4
464,2,15,3.0,3.0,3.0,4.0,4.0,3.4
465,2,16,4.0,5.0,4.0,4.0,2.0,3.8
466,2,17,3.0,3.0,3.0,3.0,2.0,2.8
467,2,18,4.0,5.0,2.0,3.0,3.0,3.4
468,2,19,4.0,4.0,3.0,4.0,4.0,3.8
469,2,20,3.0,4.0,4.0,4.0,3.0,3.6
470,2,21,4.0,3.0,4.0,4.0,3.0,3.6
471,2,22,3.0,3.0,4.0,2.0,3.0,3.0
472,2,23,3.0,4.0,4.0,4.0,3.0,3.6
473,2,24,4.0,4.0,4.0,3.0,3.0,3.6
474,2,25,2.0,3.0,5.0,3.0,5.0,3.6
475,2,26,4.0,4.0,2.0,3.0,5.0,3.6
476,2,27,4.0,4.0,4.0,4.0,4.0,4.0
477,2,28,4.0,2.0,4.0,1.0,5.0,3.2
478,2,29,4.0,4.0,3.0,3.0,3.0,3.4
479,2,30,5.0,3.0,2.0,3.0,3.0,3.2
480,3,1,2.0,4.0,4.0,4.0,3.0,3.4
481,3,2,4.0,3.0,3.0,5.0,4.0,3.8
482,3,3,3.0,5.0,5.0,4.0,4.0,4.2
483,3,4,4.0,2.0,4.0,4.0,4.0,3.6
484,3,5,5.0,5.0,3.0,5.0,6.0,4.8
485,3,6,3.0,4.0,4.0,2.0,3.0,3.2
486,3,7,2.0,4.0,4.0,5.0,5.0,4.0
487,3,8,3.0,4.0,4.0,2.0,4.0,3.4
488,3,9,5.0,5.0,2.0,3.0,3.0,3.6
489,3,10,5.0,3.0,4.0,4.0,5.0,4.2
490,3,11,3.0,3.0,3.0,4.0,2.0,3.0
491,3,12,4.0,5.0,3.0,4.0,3.0,3.8
492,3,13,3.0,4.0,6.0,3.0,3.0,3.8
493,3,14,4.0,4.0,4.0,4.0,4.0,4.0
494,3,15,6.0,5.0,3.0,3.0,3.0,4.0
495,3,16,2.0,3.0,2.0,4.0,4.0,3.0
496,3,17,4.0,4.0,5.0,4.0,4.0,4.2
497,3,18,4.0,3.0,3.0,4.0,3.0,3.4
498,3,19,5.0,4.0,3.0,3.0,4.0,3.8
499,3,20,4.0,4.0,3.0,3.0,3.0,3.4
500,3,21,4.0,2.0,5.0,4.0,3.0,3.6
501,3,22,3.0,3.0,4.0,4.0,6.0,4.0
502,3,23,4.0,5.0,4.0,3.0,3.0,3.8
503,3,24,3.0,4.0,4.0,3.0,2.0,3.2
504,3,25,4.0,4.0,3.0,4.0,3.0,3.6
505,3,26,3.0,4.0,4.0,4.0,3.0,3.6
506,3,27,4.0,3.0,4.0,4.0,4.0,3.8
507,3,28,4.0,5.0,4.0,3.0,4.0,4.0
508,3,29,5.0,4.0,4.0,2.0,4.0,3.8
509,3,30,4.0,4.0,4.0,3.0,3.0,3.6
510,3,1,2.0,5.0,3.0,3.0,3.0,3.2
511,3,2,5.0,3.0,4.0,4.0,3.0,3.8
512,3,3,3.0,5.0,4.0,3.0,4.0,3.8
513,3,4,3.0,2.0,3.0,4.0,4.0,3.2
514,3,5,3.0,5.0,3.0,3.0,4.0,3.6
515,3,6,5.0,3.0,4.0,4.0,4.0,4.0
516,3,7,2.0,3.0,4.0,4.0,4.0,3.4
517,3,8,6.0,2.0,4.0,4.0,4.0,4.0
518,3,9,5.0,3.0,3.0,4.0,4.0,3.8
519,3,10,4.0,3.0,4.0,4.0,4.0,3.8
520,3,11,4.0,3.0,4.0,3.0,5.0,3.8
521,3,12,4.0,4.0,4.0,5.0,3.0,4.0
522,3,13,4.0,4.0,4.0,3.0,3.0,3.6
523,3,14,4.0,4.0,4.0,3.0,3.0,3.6
524,3,15,4.0,4.0,3.0,4.0,4.0,3.8
525,3,16,4.0,3.0,3.0,3.0,2.0,3.0
526,3,17,4.0,3.0,3.0,4.0,4.0,3.6
527,3,18,4.0,5.0,4.0,5.0,4.0,4.4
528,3,19,4.0,3.0,5.0,3.0,5.0,4.0
529,3,20,5.0,5.0,3.0,4.0,3.0,4.0
530,3,21,4.0,3.0,3.0,2.0,4.0,3.2
531,3,22,1.0,4.0,5.0,4.0,5.0,3.8
532,3,23,4.0,5.0,4.0,3.0,5.0,4.2
533,3,24,4.0,5.0,4.0,3.0,3.0,3.8
534,3,25,4.0,4.0,3.0,3.0,4.0,3.6
535,3,26,3.0,3.0,4.0,4.0,4.0,3.6
536,3,27,5.0,4.0,3.0,4.0,4.0,4.0
537,3,28,4.0,4.0,3.0,4.0,3.0,3.6
538,3,29,3.0,4.0,3.0,3.0,5.0,3.6
539,3,30,4.0,4.0,3.0,5.0,2.0,3.6
540,3,1,3.0,4.0,4.0,3.0,3.0,3.4
541,3,2,3.0,5.0,3.0,2.0,4.0,3.4
542,3,3,3.0,4.0,4.0,4.0,4.0,3.8
543,3,4,4.0,4.0,5.0,3.0,5.0,4.2
544,3,5,4.0,2.0,2.0,4.0,5.0,3.4
545,3,6,4.0,2.0,4.0,3.0,3.0,3.2
546,3,7,4.0,4.0,3.0,4.0,5.0,4.0
547,3,8,4.0,4.0,4.0,5.0,3.0,4.0
548,3,9,3.0,3.0,4.0,3.0,4.0,3.4
549,3,10,4.0,4.0,4.0,3.0,5.0,4.0
550,3,11,4.0,4.0,4.0,4.0,5.0,4.2
551,3,12,4.0,5.0,5.0,5.0,4.0,4.6
552,3,13,5.0,4.0,3.0,3.0,3.0,3.6
553,3,14,4.0,3.0,4.0,3.0,2.0,3.2
554,3,15,4.0,4.0,5.0,4.0,4.0,4.2
555,3,16,5.0,4.0,4.0,3.0,3.0,3.8
556,3,17,4.0,4.0,6.0,4.0,3.0,4.2
557,3,18,3.0,3.0,3.0,2.0,3.0,2.8
558,3,19,4.0,3.0,4.0,5.0,3.0,3.8
559,3,20,3.0,4.0,4.0,3.0,4.0,3.6
560,3,21,3.0,4.0,5.0,3.0,4.0,3.8
561,3,22,4.0,4.0,4.0,4.0,3.0,3.8
562,3,23,3.0,3.0,3.0,5.0,5.0,3.8
563,3,24,3.0,2.0,5.0,3.0,4.0,3.4
564,3,25,2.0,3.0,3.0,5.0,3.0,3.2
565,3,26,4.0,4.0,3.0,4.0,4.0,3.8
566,3,27,4.0,3.0,3.0,4.0,5.0,3.8
567,3,28,3.0,3.0,4.0,3.0,4.0,3.4
568,3,29,4.0,4.0,5.0,4.0,3.0,4.0
569,3,30,4.0,3.0,4.0,3.0,2.0,3.2
570,3,1,2.0,2.0,5.0,5.0,4.0,3.6
571,3,2,3.0,4.0,3.0,3.0,4.0,3.4
572,3,3,3.0,3.0,3.0,4.0,3.0,3.2
573,3,4,3.0,3.0,3.0,3.0,2.0,2.8
574,3,5,4.0,4.0,4.0,3.0,3.0,3.6
575,3,6,4.0,4.0,4.0,4.0,5.0,4.2
576,3,7,3.0,4.0,4.0,4.0,5.0,4.0
577,3,8,2.0,4.0,3.0,5.0,3.0,3.4
578,3,9,4.0,5.0,4.0,2.0,4.0,3.8
579,3,10,3.0,3.0,4.0,5.0,3.0,3.6
580,3,11,4.0,4.0,3.0,6.0,5.0,4.4
581,3,12,4.0,3.0,4.0,3.0,4.0,3.6
582,3,13,5.0,3.0,4.0,5.0,4.0,4.2
583,3,14,3.0,3.0,4.0,3.0,2.0,3.0
584,3,15,1.0,3.0,4.0,3.0,4.0,3.0
585,3,16,4.0,4.0,4.0,3.0,4.0,3.8
586,3,17,5.0,6.0,3.0,5.0,4.0,4.6
587,3,18,5.0,3.0,5.0,3.0,4.0,4.0
588,3,19,4.0,3.0,3.0,3.0,4.0,3.4
589,3,20,3.0,4.0,3.0,4.0,3.0,3.4
590,3,21,4.0,4.0,6.0,4.0,4.0,4.4
591,3,22,3.0,4.0,3.0,4.0,4.0,3.6
592,3,23,4.0,5.0,3.0,4.0,3.0,3.8
593,3,24,4.0,2.0,4.0,4.0,3.0,3.4
594,3,25,5.0,2.0,2.0,3.0,2.0,2.8
595,3,26,6.0,3.0,3.0,4.0,3.0,3.8
596,3,27,4.0,5.0,5.0,3.0,5.0,4.4
597,3,28,3.0,2.0,2.0,5.0,4.0,3.2
598,3,29,4.0,1.0,2.0,3.0,3.0,2.6
599,3,30,2.0,4.0,2.0,5.0,4.0,3.4
600,3,1,3.0,4.0,4.0,3.0,3.0,3.4
601,3,2,3.0,3.0,5.0,4.0,4.0,3.8
602,3,3,3.0,3.0,3.0,3.0,4.0,3.2
603,3,4,4.0,3.0,4.0,3.0,4.0,3.6
604,3,5,3.0,4.0,5.0,2.0,2.0,3.2
605,3,6,5.0,3.0,5.0,3.0,3.0,3.8
606,3,7,4.0,4.0,3.0,3.0,2.0,3.2
607,3,8,4.0,1.0,2.0,4.0,3.0,2.8
608,3,9,3.0,3.0,3.0,4.0,5.0,3.6
609,3,10,4.0,3.0,3.0,3.0,3.0,3.2
610,3,11,4.0,3.0,3.0,3.0,3.0,3.2
611,3,12,3.0,3.0,4.0,3.0,4.0,3.4
612,3,13,3.0,4.0,5.0,4.0,5.0,4.2
613,3,14,3.0,2.0,5.0,5.0,4.0,3.8
614,3,15,3.0,4.0,4.0,5.0,4.0,4.0
615,3,16,3.0,4.0,5.0,4.0,3.0,3.8
616,3,17,3.0,5.0,4.0,4.0,5.0,4.2
617,3,18,4.0,3.0,4.0,5.0,5.0,4.2
618,3,19,4.0,4.0,4.0,4.0,4.0,4.0
619,3,20,4.0,2.0,4.0,4.0,2.0,3.2
620,3,21,4.0,2.0,5.0,3.0,3.0,3.4
621,3,22,4.0,4.0,3.0,3.0,4.0,3.6
622,3,23,4.0,4.0,3.0,3.0,3.0,3.4
623,3,24,4.0,5.0,4.0,4.0,5.0,4.4
624,3,25,4.0,3.0,4.0,4.0,4.0,3.8
625,3,26,3.0,4.0,5.0,5.0,3.0,4.0
626,3,27,2.0,5.0,4.0,4.0,4.0,3.8
627,3,28,4.0,4.0,3.0,5.0,3.0,3.8
628,3,29,5.0,4.0,4.0,3.0,4.0,4.0
629,3,30,4.0,4.0,4.0,3.0,3.0,3.6
630,3,1,4.0,2.0,2.0,3.0,5.0,3.2
631,3,2,5.0,5.0,4.0,3.0,5.0,4.4
632,3,3,4.0,3.0,2.0,4.0,3.0,3.2
633,3,4,4.0,4.0,3.0,4.0,2.0,3.4
634,3,5,3.0,2.0,3.0,4.0,3.0,3.0
635,3,6,3.0,3.0,4.0,4.0,2.0,3.2
636,3,7,4.0,5.0,4.0,3.0,4.0,4.0
637,3,8,5.0,3.0,3.0,5.0,4.0,4.0
638,3,9,4.0,5.0,4.0,4.0,5.0,4.4
639,3,10,3.0,4.0,3.0,5.0,4.0,3.8
640,3,11,4.0,2.0,4.0,3.0,4.0,3.4
641,3,12,4.0,4.0,3.0,4.0,2.0,3.4
642,3,13,3.0,3.0,3.0,4.0,4.0,3.4
643,3,14,2.0,4.0,4.0,4.0,4.0,3.6
644,3,15,3.0,4.0,4.0,2.0,4.0,3.4
645,3,16,3.0,2.0,5.0,4.0,3.0,3.4
646,3,17,3.0,4.0,4.0,5.0,3.0,3.8
647,3,18,4.0,5.0,4.0,4.0,2.0,3.8
648,3,19,3.0,4.0,3.0,4.0,2.0,3.2
649,3,20,5.0,4.0,4.0,2.0,3.0,3.6
650,3,21,4.0,5.0,4.0,3.0,2.0,3.6
651,3,22,4.0,4.0,4.0,4.0,4.0,4.0
652,3,23,4.0,4.0,2.0,4.0,3.0,3.4
653,3,24,3.0,3.0,4.0,5.0,3.0,3.6
654,3,25,5.0,4.0,4.0,4.0,3.0,4.0
655,3,26,4.0,5.0,3.0,4.0,1.0,3.4
656,3,27,4.0,3.0,3.0,4.0,5.0,3.8
657,3,28,3.0,5.0,5.0,3.0,3.0,3.8
658,3,29,2.0,4.0,4.0,2.0,3.0,3.0
659,3,30,4.0,3.0,3.0,4.0,3.0,3.4
660,3,1,4.0,4.0,3.0,4.0,4.0,3.8
661,3,2,3.0,3.0,3.0,3.0,4.0,3.2
662,3,3,3.0,4.0,5.0,2.0,3.0,3.4
663,3,4,5.0,3.0,4.0,4.0,3.0,3.8
664,3,5,3.0,4.0,3.0,3.0,5.0,3.6
665,3,6,5.0,4.0,4.0,4.0,4.0,4.2
666,3,7,3.0,4.0,3.0,5.0,4.0,3.8
667,3,8,4.0,2.0,5.0,2.0,3.0,3.2
668,3,9,3.0,3.0,5.0,3.0,2.0,3.2
669,3,10,4.0,4.0,3.0,4.0,4.0,3.8
670,3,11,3.0,4.0,3.0,5.0,4.0,3.8
671,3,12,4.0,3.0,2.0,2.0,5.0,3.2
672,3,13,4.0,3.0,2.0,5.0,2.0,3.2
673,3,14,3.0,3.0,3.0,4.0,3.0,3.2
674,3,15,4.0,2.0,4.0,4.0,3.0,3.4
675,3,16,3.0,4.0,3.0,4.0,4.0,3.6
676,3,17,3.0,3.0,3.0,3.0,4.0,3.2
677,3,18,3.0,3.0,3.0,5.0,4.0,3.6
678,3,19,2.0,4.0,4.0,3.0,4.0,3.4
679,3,20,4.0,4.0,4.0,4.0,3.0,3.8
680,3,21,6.0,5.0,2.0,3.0,4.0,4.0
681,3,22,4.0,2.0,4.0,3.0,4.0,3.4
682,3,23,4.0,5.0,3.0,6.0,3.0,4.2
683,3,24,3.0,4.0,4.0,4.0,5.0,4.0
684,3,25,4.0,3.0,4.0,4.0,5.0,4.0
685,3,26,4.0,4.0,3.0,5.0,4.0,4.0
686,3,27,3.0,3.0,3.0,3.0,1.0,2.6
687,3,28,5.0,4.0,3.0,5.0,5.0,4.4
688,3,29,4.0,5.0,2.0,2.0,4.0,3.4
689,3,30,4.0,4.0,4.0,3.0,5.0,4.0
690,3,1,4.0,4.0,3.0,3.0,5.0,3.8
691,3,2,4.0,3.0,4.0,4.0,5.0,4.0
692,3,3,4.0,2.0,3.0,4.0,4.0,3.4
693,3,4,4.0,4.0,3.0,4.0,5.0,4.0
694,3,5,3.0,5.0,2.0,4.0,5.0,3.8
695,3,6,3.0,2.0,3.0,3.0,4.0,3.0
696,3,7,4.0,3.0,3.0,2.0,2.0,2.8
697,3,8,5.0,4.0,4.0,4.0,3.0,4.0
698,3,9,3.0,3.0,3.0,4.0,4.0,3.4
699,3,10,3.0,3.0,4.0,5.0,4.0,3.8
700,3,11,4.0,3.0,3.0,3.0,3.0,3.2
701,3,12,4.0,3.0,3.0,4.0,2.0,3.2
702,3,13,4.0,3.0,4.0,3.0,3.0,3.4
703,3,14,4.0,4.0,4.0,5.0,4.0,4.2
704,3,15,4.0,3.0,3.0,4.0,5.0,3.8
705,3,16,5.0,2.0,4.0,4.0,4.0,3.8
706,3,17,2.0,3.0,3.0,3.0,5.0,3.2
707,3,18,3.0,4.0,3.0,4.0,4.0,3.6
708,3,19,4.0,4.0,4.0,4.0,2.0,3.6
709,3,20,2.0,3.0,3.0,3.0,3.0,2.8
710,3,21,4.0,4.0,4.0,3.0,3.0,3.6
711,3,22,5.0,2.0,3.0,3.0,3.0,3.2
712,3,23,4.0,4.0,4.0,5.0,4.0,4.2
713,3,24,4.0,4.0,2.0,5.0,4.0,3.8
714,3,25,3.0,3.0,2.0,3.0,4.0,3.0
715,3,26,3.0,4.0,4.0,3.0,3.0,3.4
716,3,27,3.0,3.0,5.0,5.0,2.0,3.6
717,3,28,3.0,5.0,3.0,3.0,3.0,3.4
718,3,29,5.0,4.0,3.0,4.0,4.0,4.0
719,3,30,4.0,3.0,4.0,3.0,5.0,3.8
